id	name	genreId	directorId	year	rating	overview	image
1	The Shawshank Redemption	1	1	1994	8.7	Framed in the 1940s for the double murder of his wife and her lover, upstanding banker Andy Dufresne begins a new life at the Shawshank prison, where he puts his accounting skills to work for an amoral warden. During his long stretch in prison, Dufresne comes to be admired by the other inmates -- including an older prisoner named Red -- for his integrity and unquenchable sense of hope.	/q6y0Go1tsGEsmtFryDOJo3dEmqu.jpg
2	Dilwale Dulhania Le Jayenge	2	5	1995	8.7	Raj is a rich, carefree, happy-go-lucky second generation NRI. Simran is the daughter of Chaudhary Baldev Singh, who in spite of being an NRI is very strict about adherence to Indian values. Simran has left for India to be married to her childhood fiancé. Raj leaves for India with a mission at his hands, to claim his lady love under the noses of her whole family. Thus begins a saga.	/2CAL2433ZeIihfX1Hb2139CX0pW.jpg
3	The Godfather	1	9	1972	8.7	Spanning the years 1945 to 1955, a chronicle of the fictional Italian-American Corleone crime family. When organized crime family patriarch, Vito Corleone barely survives an attempt on his life, his youngest son, Michael steps in to take care of the would-be killers, launching a campaign of bloody revenge.	/3bhkrj58Vtu7enYsRolD1fZdja1.jpg
4	Schindler's List	1	13	1993	8.6	The true story of how businessman Oskar Schindler saved over a thousand Jewish lives from the Nazis while they worked as slaves in his factory during World War II.	/sF1U4EUQS8YHUYjNl3pMGNIQyr0.jpg
5	The Godfather Part II	1	9	1974	8.6	In the continuing saga of the Corleone crime family, a young Vito Corleone grows up in Sicily and in 1910s New York. In the 1950s, Michael Corleone attempts to expand the family business into Las Vegas, Hollywood and Cuba.	/hek3koDUyRQk7FIhPXsa6mT2Zc3.jpg
6	Impossible Things	3	19	2021	8.6	Matilde is a woman who, after the death of her husband - a man who constantly abused her - finds her new best friend in Miguel, her young, insecure, disoriented and even dealer neighbor	/t2Ew8NZ8Ci2kqmoecZUNQUFDJnQ.jpg
7	Dou kyu sei – Classmates	4	23	2016	8.5	Rihito Sajo, an honor student with a perfect score on the entrance exam and Hikaru Kusakabe, in a band and popular among girls, would have never crossed paths. Until one day they started talking at the practice for their school’s upcoming chorus festival. After school, the two meet regularly, as Hikaru helps Rihito to improve his singing skills. While they listen to each other’s voice and harmonize, their hearts start to beat together.	/cIfRCA5wEvj9tApca4UDUagQEiM.jpg
8	Spirited Away	5	27	2001	8.5	A young girl, Chihiro, becomes trapped in a strange new world of spirits. When her parents undergo a mysterious transformation, she must call upon the courage she never knew she had to free her family.	/39wmItIWsg5sZMyRUHLkWBcuVCM.jpg
9	Your Name.	4	31	2016	8.5	High schoolers Mitsuha and Taki are complete strangers living separate lives. But one night, they suddenly switch places. Mitsuha wakes up in Taki’s body, and he in hers. This bizarre occurrence continues to happen randomly, and the two must adjust their lives around each other.	/q719jXXEzOoYaps6babgKnONONX.jpg
10	12 Angry Men	1	35	1957	8.5	The defense and the prosecution have rested and the jury is filing into the jury room to decide if a young Spanish-American is guilty or innocent of murdering his father. What begins as an open and shut case soon becomes a mini-drama of each of the jurors' prejudices and preconceptions about the trial, the accused, and each other.	/ppd84D2i9W8jXmsyInGyihiSyqz.jpg
11	Gabriel's Inferno	4	39	2020	8.5	An intriguing and sinful exploration of seduction, forbidden love, and redemption, Gabriel's Inferno is a captivating and wildly passionate tale of one man's escape from his own personal hell as he tries to earn the impossible--forgiveness and love.	/oyG9TL7FcRP4EZ9Vid6uKzwdndz.jpg
12	Parasite	2	43	2019	8.5	All unemployed, Ki-taek's family takes peculiar interest in the wealthy and glamorous Parks for their livelihood until they get entangled in an unexpected incident.	/7IiTTgloJzvGI1TAYymCfbfl3vT.jpg
13	Gabriel's Inferno: Part II	4	39	2020	8.5	Professor Gabriel Emerson finally learns the truth about Julia Mitchell's identity, but his realization comes a moment too late. Julia is done waiting for the well-respected Dante specialist to remember her and wants nothing more to do with him. Can Gabriel win back her heart before she finds love in another's arms?	/x5o8cLZfEXMoZczTYWLrUo1P7UJ.jpg
14	The Green Mile	6	1	1999	8.5	A supernatural tale set on death row in a Southern prison, where gentle giant John Coffey possesses the mysterious power to heal people's ailments. When the cell block's head guard, Paul Edgecomb, recognizes Coffey's miraculous gift, he tries desperately to help stave off the condemned man's execution.	/velWPhVMQeQKcxggNEU8YmIo52R.jpg
15	The Dark Knight	1	51	2008	8.5	Batman raises the stakes in his war on crime. With the help of Lt. Jim Gordon and District Attorney Harvey Dent, Batman sets out to dismantle the remaining criminal organizations that plague the streets. The partnership proves to be effective, but they soon find themselves prey to a reign of chaos unleashed by a rising criminal mastermind known to the terrified citizens of Gotham as the Joker.	/qJ2tW6WMUDux911r6m7haRef0WH.jpg
16	Your Eyes Tell	4	55	2020	8.5	A tragic accident lead to Kaori's blindness, but she clings to life and the smaller pleasures it can still afford her. She meets Rui and begins to talk to him. Rui was once a promising kickboxer, but something happened in his past. Kaori's smile brings out a change in Rui. However, the two are connected in more than one way. Rui attempts to do what is right.	/cVn8E3Fxbi8HzYYtaSfsblYC4gl.jpg
17	The Good, the Bad and the Ugly	7	59	1966	8.5	While the Civil War rages on, three men – a quiet loner, a ruthless hitman, and a Mexican bandit – comb the American Southwest in search of a strongbox containing $200,000 in stolen gold.	/bX2xnavhMYjWDoZp1VM6VnU1xwe.jpg
18	Pulp Fiction	8	63	1994	8.5	A burger-loving hit man, his philosophical partner, a drug-addled gangster's moll and a washed-up boxer converge in this sprawling, comedic crime caper. Their adventures unfurl in three stories that ingeniously trip back and forth in time.	/fIE3lAGcZDV1G6XM5KmuWnNsPp1.jpg
19	Purple Hearts	4	67	2022	8.5	An aspiring musician agrees to a marriage of convenience with a soon-to-deploy Marine, but a tragedy soon turns their fake relationship all too real.	/4JyNWkryifWbWXJyxcWh3pVya6N.jpg
20	The Lord of the Rings: The Return of the King	9	71	2003	8.5	Aragorn is revealed as the heir to the ancient kings as he, Gandalf and the other members of the broken fellowship struggle to save Gondor from Sauron's forces. Meanwhile, Frodo and Sam take the ring closer to the heart of Mordor, the dark lord's realm.	/rCzpDGLbOoPwLjy3OAm5NUPOTrC.jpg
21	Forrest Gump	2	75	1994	8.5	A man with a low IQ has accomplished great things in his life and been present during significant historic events—in each case, far exceeding what anyone imagined he could do. But despite all he has achieved, his one true love eludes him.	/saHP97rTPS5eLmrLQEcANmKrsFl.jpg
22	Gabriel's Inferno: Part III	4	39	2020	8.5	The final part of the film adaption of the erotic romance novel Gabriel's Inferno written by an anonymous Canadian author under the pen name Sylvain Reynard.	/fYtHxTxlhzD4QWfEbrC1rypysSD.jpg
23	GoodFellas	1	79	1990	8.5	The true story of Henry Hill, a half-Irish, half-Sicilian Brooklyn kid who is adopted by neighbourhood gangsters at an early age and climbs the ranks of a Mafia family under the guidance of Jimmy Conway.	/aKuFiU82s5ISJpGZp7YkIr3kCUd.jpg
24	Cinema Paradiso	1	83	1988	8.5	A filmmaker recalls his childhood, when he fell in love with the movies at his village's theater and formed a deep friendship with the theater's projectionist.	/8SRUfRUi6x4O68n0VCbDNRa6iGL.jpg
25	Seven Samurai	10	87	1954	8.5	A samurai answers a village's request for protection after he falls on hard times. The town needs protection from bandits, so the samurai gathers six others to help him teach the people how to defend themselves, and the villagers provide the soldiers with food.	/iAq0sq42vKTLneVGqHn1D4GzgrM.jpg
26	Life Is Beautiful	2	91	1997	8.5	A touching story of an Italian book seller of Jewish ancestry who lives in his own little fairy tale. His creative and happy life would come to an abrupt halt when his entire family is deported to a concentration camp during World War II. While locked up he tries to convince his son that the whole thing is just a game.	/mfnkSeeVOBVheuyn2lo4tfmOPQb.jpg
27	Once Upon a Time in America	1	59	1984	8.4	A former Prohibition-era Jewish gangster returns to the Lower East Side of Manhattan over thirty years later, where he once again must confront the ghosts and regrets of his old life.	/i0enkzsL5dPeneWnjl1fCWm6L7k.jpg
28	Psycho	11	96	1960	8.4	When larcenous real estate clerk Marion Crane goes on the lam with a wad of cash and hopes of starting a new life, she ends up at the notorious Bates Motel, where manager Norman Bates cares for his housebound mother.	/uK46P78BvWGDW4dbq9C13LAwpmw.jpg
29	Harakiri	10	100	1962	8.4	Down-on-his-luck veteran Tsugumo Hanshirō enters the courtyard of the prosperous House of Iyi. Unemployed, and with no family, he hopes to find a place to commit seppuku—and a worthy second to deliver the coup de grâce in his suicide ritual. The senior counselor for the Iyi clan questions the ronin’s resolve and integrity, suspecting Hanshirō of seeking charity rather than an honorable end. What follows is a pair of interlocking stories which lay bare the difference between honor and respect, and promises to examine the legendary foundations of the Samurai code.	/w7pWcLaYQkbtRUn99K6ome0DblL.jpg
30	Grave of the Fireflies	5	104	1988	8.4	In the final months of World War II, 14-year-old Seita and his sister Setsuko are orphaned when their mother is killed during an air raid in Kobe, Japan. After a falling out with their aunt, they move into an abandoned bomb shelter. With no surviving relatives and their emergency rations depleted, Seita and Setsuko struggle to survive.	/qG3RYlIVpTYclR9TYIsy8p7m7AT.jpg
31	Josee, the Tiger and the Fish	5	108	2020	8.4	With dreams of diving abroad, Tsuneo gets a job assisting Josee, an artist whose imagination takes her far beyond her wheelchair. But when the tide turns against them, they push each other to places they never thought possible, and inspire a love fit for a storybook.	/z1D8xi9x4uEhyFruo7uEHXUMD4K.jpg
32	A Dog's Will	2	112	2000	8.4	The lively Jack the Cricket and the sly Chicó are poor guys living in the hinterland who cheat a bunch of people in a small in Northeastern Brazil. When they die, they have to be judged by Christ, the Devil and the Virgin Mary before they are admitted to paradise.	/m8eFedsS7vQCZCS8WGp5n1bVD0q.jpg
33	Fight Club	1	116	1999	8.4	A ticking-time-bomb insomniac and a slippery soap salesman channel primal male aggression into a shocking new form of therapy. Their concept catches on, with underground "fight clubs" forming in every town, until an eccentric gets in the way and ignites an out-of-control spiral toward oblivion.	/pB8BM7pdSp6B6Ih7QZ4DrQ3PmJK.jpg
34	One Flew Over the Cuckoo's Nest	1	120	1975	8.4	A petty criminal fakes insanity to serve his sentence in a mental ward rather than prison. He soon finds himself as a leader to the other patients—and an enemy to the cruel, domineering nurse who runs the ward.	/3jcbDmRFiQ83drXNOvRDeKHxS0C.jpg
35	Spider-Man: Into the Spider-Verse	10	124	2018	8.4	Miles Morales is juggling his life between being a high school student and being a spider-man. When Wilson "Kingpin" Fisk uses a super collider, others from across the Spider-Verse are transported to this dimension.	/iiZZdoQBEYBv6id8su7ImL0oCbD.jpg
36	Hotarubi no Mori e	4	128	2011	8.4	One hot summer day a little girl gets lost in an enchanted forest of the mountain god where spirits reside. A young boy appears before her, but she cannot touch him for fear of making him disappear. And so a wondrous adventure awaits...	/mDqzHV8UXWWNpZkoAbKmKX1ZxEE.jpg
37	Evangelion: 3.0+1.0 Thrice Upon a Time	5	132	2021	8.4	In the aftermath of the Fourth Impact, stranded without their Evangelions, Shinji, Asuka, and Rei find refuge in one of the rare pockets of humanity that still exist on the ruined planet Earth. There, each of them live a life far different from their days as an Evangelion pilot. However, the danger to the world is far from over. A new impact is looming on the horizon—one that will prove to be the true end of Evangelion.	/md5wZRRj8biHrGtyitgBZo7674t.jpg
38	City of God	1	136	2002	8.4	In the slums of Rio, two kids' paths diverge as one struggles to become a photographer and the other a kingpin.	/k7eYdWvhYQyRQoU2TB2A2Xu2TfD.jpg
39	A Silent Voice: The Movie	5	140	2016	8.4	Shouya Ishida starts bullying the new girl in class, Shouko Nishimiya, because she is deaf. But as the teasing continues, the rest of the class starts to turn on Shouya for his lack of compassion. When they leave elementary school, Shouko and Shouya do not speak to each other again... until an older, wiser Shouya, tormented by his past behaviour, decides he must see Shouko once more. He wants to atone for his sins, but is it already too late...?	/tuFaWiqX0TXoWu7DGNcmX3UW7sT.jpg
40	Neon Genesis Evangelion: The End of Evangelion	1	132	1997	8.4	The second of two theatrically released follow-ups to the Neon Genesis Evangelion series. Comprising of two alternate episodes which were first intended to take the place of episodes 25 and 26, this finale answers many of the questions surrounding the series, while also opening up some new possibilities.	/j6G24dqI4WgUtChhWjfnI4lnmiK.jpg
41	Violet Evergarden: The Movie	5	144	2020	8.4	As the world moves on from the war and technological advances bring changes to her life, Violet still hopes to see her lost commanding officer again.	/bajajkoErDst0JxdFyBkABiF9rW.jpg
42	Howl's Moving Castle	6	27	2004	8.4	When Sophie, a shy young woman, is cursed with an old body by a spiteful witch, her only chance of breaking the spell lies with a self-indulgent yet insecure young wizard and his companions in his legged, walking castle.	/1QRmDIYOMzdcTBaf0Pn09fCi83x.jpg
43	Primal: Tales of Savagery	10	151	2019	8.4	Genndy Tartakovsky's Primal: Tales of Savagery features a caveman and a dinosaur on the brink of extinction. Bonded by tragedy, this unlikely friendship becomes the only hope of survival.	/9NBBkdxH0TjQEBSN2AzeE1sgsF9.jpg
44	Hope	1	155	2013	8.4	After 8-year-old So-won narrowly survives a brutal sexual assault, her family labors to help her heal while coping with their own rage and grief.	/z4lNqsc7uhSbtbniOS6r0fTIvv5.jpg
45	The Empire Strikes Back	9	159	1980	8.4	The epic saga continues as Luke Skywalker, in hopes of defeating the evil Galactic Empire, learns the ways of the Jedi from aging master Yoda. But Darth Vader is more determined than ever to capture Luke. Meanwhile, rebel leader Princess Leia, cocky Han Solo, Chewbacca, and droids C-3PO and R2-D2 are thrown into various stages of capture, betrayal and despair.	/2l05cFWJacyIsTpsqSgH0wQXe4V.jpg
46	Sunset Boulevard	1	163	1950	8.4	A hack screenwriter writes a screenplay for a former silent film star who has faded into Hollywood obscurity.	/sC4Dpmn87oz9AuxZ15Lmip0Ftgr.jpg
47	The Shop Around the Corner	2	167	1940	8.4	Two employees at a gift shop can barely stand one another, without realising that they are falling in love through the post as each other's anonymous pen pal.	/dZ1aEzGYRiqJwPfjS6VL7wUkHmF.jpg
48	The Lord of the Rings: The Fellowship of the Ring	9	71	2001	8.4	Young hobbit Frodo Baggins, after inheriting a mysterious ring from his uncle Bilbo, must leave his home in order to keep it from falling into the hands of its evil creator. Along the way, a fellowship is formed to protect the ringbearer and make sure that the ring arrives at its final destination: Mt. Doom, the only place where it can be destroyed.	/6oom5QYQ2yQTMJIbnvbkBL9cHo6.jpg
49	Ikiru	1	87	1952	8.4	Kanji Watanabe is a middle-aged man who has worked in the same monotonous bureaucratic position for decades. Learning he has cancer, he starts to look for the meaning of his life.	/dgNTS4EQDDVfkzJI5msKuHu2Ei3.jpg
50	The Pianist	1	174	2002	8.4	The true story of pianist Władysław Szpilman's experiences in Warsaw during the Nazi occupation. When the Jews of the city find themselves forced into a ghetto, Szpilman finds work playing in a café; and when his family is deported in 1942, he stays behind, works for a while as a laborer, and eventually goes into hiding in the ruins of the war-torn city.	/2hFvxCCWrTmCYwfy7yum0GKRi3Y.jpg
51	Wolfwalkers	5	178	2020	8.4	In a time of superstition and magic, when wolves are seen as demonic and nature an evil to be tamed, a young apprentice hunter comes to Ireland with her father to wipe out the last pack. But when she saves a wild native girl, their friendship leads her to discover the world of the Wolfwalkers and transform her into the very thing her father is tasked to destroy.	/ehAKuE48okTuonq6TpsNQj8vFTC.jpg
52	Interstellar	9	51	2014	8.4	The adventures of a group of explorers who make use of a newly discovered wormhole to surpass the limitations on human space travel and conquer the vast distances involved in an interstellar voyage.	/gEU2QniE6E77NI6lCU6MxlNBvIx.jpg
53	Whiplash	1	185	2014	8.4	Under the direction of a ruthless instructor, a talented young drummer begins to pursue perfection at any cost, even his humanity.	/oPxnRhyAIzJKGUEdSiwTJQBa3NM.jpg
54	The Lord of the Rings: The Two Towers	9	71	2002	8.4	Frodo and Sam are trekking to Mordor to destroy the One Ring of Power while Gimli, Legolas and Aragorn search for the orc-captured Merry and Pippin. All along, nefarious wizard Saruman awaits the Fellowship members at the Orthanc Tower in Isengard.	/5VTN0pR8gcqV3EPUHHfMGnJYN9L.jpg
55	American History X	1	189	1998	8.4	Derek Vineyard is paroled after serving 3 years in prison for killing two African-American men. Through his brother, Danny Vineyard's narration, we learn that before going to prison, Derek was a skinhead and the leader of a violent white supremacist gang that committed acts of racial crime throughout L.A. and his actions greatly influenced Danny. Reformed and fresh out of prison, Derek severs contact with the gang and becomes determined to keep Danny from going down the same violent path as he did.	/c2gsmSQ2Cqv8zosqKOCwRS0GFBS.jpg
56	Demon Slayer -Kimetsu no Yaiba- The Movie: Mugen Train	5	192	2020	8.4	Tanjirō Kamado, joined with Inosuke Hashibira, a boy raised by boars who wears a boar's head, and Zenitsu Agatsuma, a scared boy who reveals his true power when he sleeps, boards the Infinity Train on a new mission with the Fire Hashira, Kyōjurō Rengoku, to defeat a demon who has been tormenting the people and killing the demon slayers who oppose it!	/h8Rb9gBr48ODIwYUttZNYeMWeUU.jpg
57	Rear Window	8	96	1954	8.4	A wheelchair-bound photographer spies on his neighbors from his apartment window and becomes convinced one of them has committed murder.	/qitnZcLP7C9DLRuPpmvZ7GiEjJN.jpg
58	Inception	10	51	2010	8.4	Cobb, a skilled thief who commits corporate espionage by infiltrating the subconscious of his targets is offered a chance to regain his old life as payment for a task considered to be impossible: "inception", the implantation of another person's idea into a target's subconscious.	/8IB2e4r4oVhHnANbnm7O3Tj6tF8.jpg
59	Se7en	12	116	1995	8.4	Two homicide detectives are on a desperate hunt for a serial killer whose crimes are based on the "seven deadly sins" in this dark and haunting film that takes viewers from the tortured remains of one victim to the next. The seasoned Det. Sommerset researches each sin in an effort to get inside the killer's mind, while his novice partner, Mills, scoffs at his efforts to unravel the case.	/69Sns8WoET6CfaYlIkHbla4l7nC.jpg
60	High and Low	12	87	1963	8.4	An executive of a shoe company becomes a victim of extortion when his chauffeur's son is kidnapped and held for ransom.	/tgNjemQPG96uIezpiUiXFcer5ga.jpg
61	Dedicated to my ex	1	203	2019	8.4	The film tells the story of Ariel, a 21-year-old who decides to form a rock band to compete for a prize of ten thousand dollars in a musical band contest, this as a last option when trying to get money to save their relationship and reunite with his ex-girlfriend, which breaks due to the trip she must make to Finland for an internship. Ariel with her friend Ortega, decides to make a casting to find the other members of the band, although they do not know nothing about music, thus forming a band with members that have diverse and opposite personalities.	/xc4bTXVwYNXi10jG9dwcaYt5IpU.jpg
62	Princess Mononoke	9	27	1997	8.4	Ashitaka, a prince of the disappearing Emishi people, is cursed by a demonized boar god and must journey to the west to find a cure. Along the way, he encounters San, a young human woman fighting to protect the forest, and Lady Eboshi, who is trying to destroy it. Ashitaka must find a way to bring balance to this conflict.	/cMYCDADoLKLbB83g4WnJegaZimC.jpg
63	City Lights	2	210	1931	8.3	In this sound-era silent film, a tramp falls in love with a beautiful blind flower seller.	/bXNvzjULc9jrOVhGfjcc64uKZmZ.jpg
64	The Great Dictator	2	210	1940	8.3	Dictator Adenoid Hynkel tries to expand his empire while a poor Jewish barber tries to avoid persecution from Hynkel's regime.	/1QpO9wo7JWecZ4NiBuu625FiY1j.jpg
65	Given	5	215	2020	8.3	The relationship between a band's bassist, their drummer, and the drummer’s roommate and ex-boyfriend, who is a professional violinist.	/xKCtoYHUyX8zAg68eemnYa2orep.jpg
66	The Silence of the Lambs	12	219	1991	8.3	Clarice Starling is a top student at the FBI's training academy. Jack Crawford wants Clarice to interview Dr. Hannibal Lecter, a brilliant psychiatrist who is also a violent psychopath, serving life behind bars for various acts of murder and cannibalism. Crawford believes that Lecter may have insight into a case and that Starling, as an attractive young woman, may be just the bait to draw him out.	/rplLJ2hPcOQmkFhTqUte0MkEaO2.jpg
67	Clouds	13	223	2020	8.3	Young musician Zach Sobiech discovers his cancer has spread, leaving him just a few months to live. With limited time, he follows his dream and makes an album, unaware that it will soon be a viral music phenomenon.	/d0OdD1I8qAfETvE9Rp9Voq7R8LR.jpg
68	Top Gun: Maverick	10	227	2022	8.3	After more than thirty years of service as one of the Navy’s top aviators, and dodging the advancement in rank that would ground him, Pete “Maverick” Mitchell finds himself training a detachment of TOP GUN graduates for a specialized mission the likes of which no living pilot has ever seen.	/62HCnUTziyWcpDaBO2i1DX17ljH.jpg
69	Dead Poets Society	1	230	1989	8.3	At an elite, old-fashioned boarding school in New England, a passionate English teacher inspires his students to rebel against convention and seize the potential of every day, courting the disdain of the stern headmaster.	/ai40gM7SUaGA6fthvsd87o8IQq4.jpg
70	Léon: The Professional	12	234	1994	8.3	Léon, the top hit man in New York, has earned a rep as an effective "cleaner". But when his next-door neighbors are wiped out by a loose-cannon DEA agent, he becomes the unwilling custodian of 12-year-old Mathilda. Before long, Mathilda's thoughts turn to revenge, and she considers following in Léon's footsteps.	/yI6X2cCM5YPJtxMhUd3dPGqDAhw.jpg
71	Come and See	1	238	1985	8.3	The invasion of a village in Byelorussia by German forces sends young Florya into the forest to join the weary Resistance fighters, against his family's wishes. There he meets a girl, Glasha, who accompanies him back to his village. On returning home, Florya finds his family and fellow peasants massacred. His continued survival amidst the brutal debris of war becomes increasingly nightmarish, a battle between despair and hope.	/qNbMsKVzigERgJUbwf8pKyZogpb.jpg
72	Modern Times	2	210	1936	8.3	The Tramp struggles to live in modern industrial society with the help of a young homeless woman.	/9xeglIbChLIe0P4fTQNAdlG2v0C.jpg
73	Hamilton	14	244	2020	8.3	Presenting the tale of American founding father Alexander Hamilton, this filmed version of the original Broadway smash hit is the story of America then, told by America now.	/h1B7tW0t399VDjAcWJh8m87469b.jpg
74	Five Feet Apart	4	223	2019	8.3	Seventeen-year-old Stella spends most of her time in the hospital as a cystic fibrosis patient. Her life is full of routines, boundaries and self-control — all of which get put to the test when she meets Will, an impossibly charming teen who has the same illness. There's an instant flirtation, though restrictions dictate that they must maintain a safe distance between them. As their connection intensifies, so does the temptation to throw the rules out the window and embrace that attraction.	/kreTuJBkUjVWePRfhHZuYfhNE1T.jpg
75	Once Upon a Time in the West	1	59	1968	8.3	As the railroad builders advance unstoppably through the Arizona desert on their way to the sea, Jill arrives in the small town of Flagstone with the intention of starting a new life.	/qbYgqOczabWNn2XKwgMtVrntD6P.jpg
76	Justice League Dark: Apokolips War	5	254	2020	8.3	Earth is decimated after intergalactic tyrant Darkseid has devastated the Justice League in a poorly executed war by the DC Super Heroes. Now the remaining bastions of good – the Justice League, Teen Titans, Suicide Squad and assorted others – must regroup, strategize and take the war to Darkseid in order to save the planet and its surviving inhabitants.	/c01Y4suApJ1Wic2xLmaq1QYcfoZ.jpg
77	Back to the Future	9	75	1985	8.3	Eighties teenager Marty McFly is accidentally sent back in time to 1955, inadvertently disrupting his parents' first meeting and attracting his mother's romantic interest. Marty must repair the damage to history by rekindling his parents' romance and - with the help of his eccentric inventor friend Doc Brown - return to 1985.	/fNOH9f1aA7XRTzl1sAOx9iF553Q.jpg
78	Life in a Year	1	261	2020	8.3	A 17 year old finds out that his girlfriend is dying, so he sets out to give her an entire life, in the last year she has left.	/bP7u19opmHXYeTCUwGjlLldmUMc.jpg
79	Paths of Glory	1	265	1957	8.3	A commanding officer defends three scapegoats on trial for a failed offensive that occurred within the French Army in 1916.	/l2IY0gOHHmCWM90LjteFssxIV1G.jpg
80	A Brighter Summer Day	12	269	1991	8.3	A boy experiences first love, friendships and injustices growing up in 1960s Taiwan.	/rDZ2mNQkZrnSzHPLQ7SzhzgCSoj.jpg
81	Woman in the Dunes	1	273	1964	8.3	An entomologist suffers extreme psychological and sexual torture after being taken captive by the residents of a poor seaside village.	/rE6vtXBDXy3cjyFmxfsDese0Eo4.jpg
82	We All Loved Each Other So Much	1	277	1974	8.3	Three partisans bound by a strong friendship return home after the war, but the clash with everyday reality puts a strain on their bond.	/zGGWYpiKNwjpKxelPxOMqJnUgDs.jpg
83	Le Trou	12	281	1960	8.3	Four prison inmates have been hatching a plan to literally dig out of jail when another prisoner, Claude Gaspard, is moved into their cell. They take a risk and share their plan with the newcomer. Over the course of three days, the prisoners and friends break through the concrete floor using a bed post and begin to make their way through the sewer system -- yet their escape is anything but assured.	/8tAyoNf8M4nnMtjZ3RPwDJcx0yL.jpg
84	Perfect Blue	5	285	1997	8.3	A retired pop singer turned actress' sense of reality is shaken when she is stalked by an obsessed fan and seemingly a ghost of her past.	/79vujbsWEbX4dzffBV541QXN6sf.jpg
85	Better Days	1	289	2019	8.3	A bullied teenage girl forms an unlikely friendship with a mysterious young man who protects her from her assailants, while she copes with the pressures of her final examinations.	/csVZ2ZQCj98XdZoCuW1aixMYJ0W.jpg
86	Rascal Does Not Dream of a Dreaming Girl	5	293	2019	8.3	In Fujisawa, Sakuta Azusagawa is in his second year of high school. Blissful days with his girlfriend and upperclassman, Mai Sakurajima, are interrupted by the appearance of his first crush, Shoko Makinohara.	/7Ai8vNEv4zEveh12JViGikoVPVV.jpg
87	Apocalypse Now	1	9	1979	8.3	At the height of the Vietnam war, Captain Benjamin Willard is sent on a dangerous mission that, officially, "does not exist, nor will it ever exist." His goal is to locate - and eliminate - a mysterious Green Beret Colonel named Walter Kurtz, who has been leading his personal army on illegal guerrilla missions into enemy territory.	/fpM34wbSvkmR0wFQSmcAsZrTYvw.jpg
88	Steven Universe: The Movie	5	298	2019	8.3	Two years after bringing peace to the galaxy, Steven Universe sees his past come back to haunt him in the form of a deranged Gem who wants to destroy the Earth.	/8mRgpubxHqnqvENK4Bei30xMDvy.jpg
89	Avengers: Endgame	9	302	2019	8.3	After the devastating events of Avengers: Infinity War, the universe is in ruins due to the efforts of the Mad Titan, Thanos. With the help of remaining allies, the Avengers must assemble once more in order to undo Thanos' actions and restore order to the universe once and for all, no matter what consequences may be in store.	/or06FN3Dka5tukK1e9sl16pB3iy.jpg
90	Mommy	1	306	2014	8.3	A peculiar neighbor offers hope to a recent widow who is struggling to raise a teenager who is unpredictable and, sometimes, violent.	/zPLyLO68iiiSF8ASGtmfXGf2EMN.jpg
91	The Legend of 1900	1	83	1998	8.3	The story of a virtuoso piano player who lives his entire life aboard an ocean liner. Born and raised on the ship, 1900 (Tim Roth) learned about the outside world through interactions with passengers, never setting foot on land, even for the love of his life. Years later, the ship may be destroyed, and a former band member fears that 1900 may still be aboard, willing to go down with the ship.	/iOcbJ5pxokOPDRgieVDbsFMrCc6.jpg
92	Tokyo Story	1	313	1953	8.3	The elderly Shukishi and his wife, Tomi, take the long journey from their small seaside village to visit their adult children in Tokyo. Their elder son, Koichi, a doctor, and their daughter, Shige, a hairdresser, don't have much time to spend with their aged parents, and so it falls to Noriko, the widow of their younger son who was killed in the war, to keep her in-laws company.	/g2YbTYKpY7N2yDSk7BfXZ18I5QV.jpg
93	My Hero Academia: Heroes Rising	5	317	2019	8.3	Class 1-A visits Nabu Island where they finally get to do some real hero work. The place is so peaceful that it's more like a vacation … until they're attacked by a villain with an unfathomable Quirk! His power is eerily familiar, and it looks like Shigaraki had a hand in the plan. But with All Might retired and citizens' lives on the line, there's no time for questions. Deku and his friends are the next generation of heroes, and they're the island's only hope.	/zGVbrulkupqpbwgiNedkJPyQum4.jpg
94	Miracle in Cell No. 7	1	321	2019	8.3	Separated from his daughter, a father with an intellectual disability must prove his innocence when he is jailed for the death of a commander's child.	/bOth4QmNyEkalwahfPCfiXjNh1r.jpg
95	Oldboy	1	325	2003	8.3	With no clue how he came to be imprisoned, drugged and tortured for 15 years, a desperate businessman seeks revenge on his captors.	/pWDtjs568ZfOTMbURQBYuT4Qxka.jpg
96	The Handmaiden	8	325	2016	8.3	A Japanese woman hires a handmaiden who is secretly working with a con man to cheat her out of her wealth.	/ic4s9k48semzBCUrbglyCmnGaHJ.jpg
97	The Art of Racing in the Rain	2	332	2019	8.3	A family dog - with a near-human soul and a philosopher's mind - evaluates his life through the lessons learned by his human owner, a race-car driver.	/mi5VN4ww0JZgRFJIaPxxTGKjUg7.jpg
98	Avengers: Infinity War	9	302	2018	8.3	As the Avengers and their allies have continued to protect the world from threats too large for any one hero to handle, a new danger has emerged from the cosmic shadows: Thanos. A despot of intergalactic infamy, his goal is to collect all six Infinity Stones, artifacts of unimaginable power, and use them to inflict his twisted will on all of reality. Everything the Avengers have fought for has led up to this moment - the fate of Earth and existence itself has never been more uncertain.	/7WsyChQLEftFiDOVTGkv3hFpyyt.jpg
99	Klaus	5	337	2019	8.3	When Jesper distinguishes himself as the Postal Academy's worst student, he is sent to Smeerensburg, a small village located on an icy island above the Arctic Circle, where grumpy inhabitants barely exchange words, let alone letters. Jesper is about to give up and abandon his duty as a postman when he meets local teacher Alva and Klaus, a mysterious carpenter who lives alone in a cabin full of handmade toys.	/q125RHUDgR4gjwh1QkfYuJLYkL.jpg
100	The Intouchables	1	340	2011	8.3	A true story of two men who should never have met – a quadriplegic aristocrat who was injured in a paragliding accident and a young man from the projects.	/323BP0itpxTsO0skTwdnVmf7YC9.jpg
101	Zack Snyder's Justice League	10	344	2021	8.3	Determined to ensure Superman's ultimate sacrifice was not in vain, Bruce Wayne aligns forces with Diana Prince with plans to recruit a team of metahumans to protect the world from an approaching threat of catastrophic proportions.	/tnAuB8q5vv7Ax9UAEje5Xi4BXik.jpg
102	Persona	1	348	1966	8.3	A young nurse, Alma, is put in charge of Elisabeth Vogler: an actress who is seemingly healthy in all respects, but will not talk. As they spend time together, Alma speaks to Elisabeth constantly, never receiving any answer. The time they spend together only strengthens the crushing realization that one does not exist.	/bdXbfUir63TQHA5NTNcXPICZCW8.jpg
103	It's a Wonderful Life	1	352	1946	8.3	A holiday favourite for generations...  George Bailey has spent his entire life giving to the people of Bedford Falls.  All that prevents rich skinflint Mr. Potter from taking over the entire town is George's modest building and loan company.  But on Christmas Eve the business's $8,000 is lost and George's troubles begin.	/bSqt9rhDZx1Q7UZ86dBPKdNomp2.jpg
104	Everything Everywhere All at Once	10	355	2022	8.3	An aging Chinese immigrant is swept up in an insane adventure, where she alone can save what's important to her by connecting with the lives she could have led in other universes.	/w3LxiVYdWWRvEVdn5RYq6jIqkb1.jpg
105	The Lion King	3	359	1994	8.3	A young lion prince is cast out of his pride by his cruel uncle, who claims he killed his father. While the uncle rules with an iron paw, the prince grows up beyond the Savannah, living by a philosophy: No worries for the rest of your days. But when his past comes to haunt him, the young prince must decide his fate: Will he remain an outcast or face his demons and become what he needs to be?	/sKCr78MXSLixwmZ8DyJLrpMsd15.jpg
106	Maquia: When the Promised Flower Blooms	5	363	2018	8.3	Maquia is a member of a special race called the Iorph who can live for hundreds of years. However, Maquia has always felt lonely despite being surrounded by her people, as she was orphaned from a young age. She daydreams about the outside world, but dares not travel from her home due to the warnings of the clan's chief.  One day the kingdom of Mezarte invades her homeland. They already have what is left of the giant dragons, the Renato, under their control, and now their king wishes to add the immortality to his bloodline.  They ravage the Iorph homeland and kill most of its inhabitants. Caught in the midst of the attack, Maquia is carried off by one of the Renato. It soon dies, and she is left deserted in a forest, now truly alone save for the cries of a single baby off in the distance. Maquia finds the baby in a destroyed village and decides to raise him as her own, naming him Ariel. Although she knows nothing of the human world, how to raise a child that ages much faster than her.	/hL3NqRE2ccR4Y2sYSJTrmalRjrz.jpg
107	Wolf Children	5	366	2012	8.3	After her werewolf lover unexpectedly dies in an accident, a woman must find a way to raise the son and daughter that she had with him. However, their inheritance of their father's traits prove to be a challenge for her.	/vHMvBkr42Gh3OORcnmfCFfqJ1E.jpg
108	Bicycle Thieves	1	370	1948	8.3	A working man's livelihood is threatened when someone steals his bicycle.	/ihLPR2hiHljvvdTzHk6NeNTVMXf.jpg
109	Along with the Gods: The Last 49 Days	1	374	2018	8.2	In the afterlife, one guardian helps a man through his trials, while his two colleagues help a former guardian on earth.	/9BnqBHFGDv3WlCPB2qQwzAWdy7y.jpg
110	Il Sorpasso	1	377	1962	8.3	Roberto, a shy law student in Rome, meets Bruno, a forty-year-old exuberant, capricious man, who takes him for a drive through the Roman and Tuscany countries in the summer. When their journey starts to blend into their daily lives though, the pair’s newfound friendship is tested.	/41BZ3auNuk5Hw6kKkxRPyOzXeqM.jpg
111	KonoSuba: God's Blessing on this Wonderful World! Legend of Crimson	5	380	2019	8.2	It is not strange that the Demon Lord's forces fear the Crimson Demons, the clan from which Megumin and Yunyun originate. Even if the Demon Lord's generals attack their village, the Crimson Demons can just easily brush them off with their supreme mastery of advanced and overpowered magic.  When Yunyun receives a seemingly serious letter regarding a potential disaster coming to her hometown, she immediately informs Kazuma Satou and the rest of his party. After a series of wacky misunderstandings, it turns out to be a mere prank by her fellow demon who wants to be an author. Even so, Megumin becomes worried about her family and sets out toward the Crimson Demons' village with the gang.  There, Kazuma and the others decide to sightsee the wonders of Megumin's birthplace. However, they soon come to realize that the nonsense threat they received might have been more than just a joke.	/j73LuQcA21KvkVFcroWWMN8tTJv.jpg
112	I Want to Eat Your Pancreas	5	384	2018	8.2	After his classmate and crush is diagnosed with a pancreatic disease, an average high schooler sets out to make the most of her final days.	/vHdVU0HyyB6k6kuYt8qjwTz9one.jpg
113	Bo Burnham: Inside	2	387	2021	8.2	Stuck in COVID-19 lockdown, US comedian and musician Bo Burnham attempts to stay sane and happy by writing, shooting and performing a one-man comedy special.	/ku1UvTWYvhFQbSesOD6zteY7bXT.jpg
114	Green Book	1	388	2018	8.2	Tony Lip, a bouncer in 1962, is hired to drive pianist Don Shirley on a tour through the Deep South in the days when African Americans, forced to find alternate accommodations and services due to segregation laws below the Mason-Dixon Line, relied on a guide called The Negro Motorist Green Book.	/7BsvSuDQuoqhWmU2fL7W2GOcZHU.jpg
115	Miraculous World: New York, United HeroeZ	5	391	2020	8.2	During a school field trip, Ladybug and Cat Noir meet the American superheroes, whom they have to save from an akumatised super-villain. They discover that Miraculous exist in the United States too.	/9YbyvcrHmY2SVbdfXpb8mC4Fy0g.jpg
116	8½	6	394	1963	8.2	Guido Anselmi, a film director, finds himself creatively barren at the peak of his career. Urged by his doctors to rest, Anselmi heads for a luxurious resort, but a sorry group gathers—his producer, staff, actors, wife, mistress, and relatives—each one begging him to get on with the show. In retreat from their dependency, he fantasizes about past women and dreams of his childhood.	/9wvOlM8f3obvG9tNTkpZvF0CUU1.jpg
117	Mortal Kombat Legends: Scorpion's Revenge	5	397	2020	8.2	After the vicious slaughter of his family by stone-cold mercenary Sub-Zero, Hanzo Hasashi is exiled to the torturous Netherrealm. There, in exchange for his servitude to the sinister Quan Chi, he’s given a chance to avenge his family – and is resurrected as Scorpion, a lost soul bent on revenge. Back on Earthrealm, Lord Raiden gathers a team of elite warriors – Shaolin monk Liu Kang, Special Forces officer Sonya Blade and action star Johnny Cage – an unlikely band of heroes with one chance to save humanity. To do this, they must defeat Shang Tsung’s horde of Outworld gladiators and reign over the Mortal Kombat tournament.	/4VlXER3FImHeFuUjBShFamhIp9M.jpg
118	Witness for the Prosecution	1	163	1957	8.2	When Leonard Vole is arrested for the sensational murder of a rich, middle-aged widow, the famous Sir Wilfrid Robarts agrees to appear on his behalf. Sir Wilfrid, recovering from a near-fatal heart attack, is supposed to be on a diet of bland, civil suits—but the lure of the criminal courts is too much for him, especially when the case is so difficult.	/mM5Cad2ESBprh6ucPnMzMfI34Cu.jpg
119	Stalker	15	404	1979	8.2	Near a gray and unnamed city is the Zone, a place guarded by barbed wire and soldiers, and where the normal laws of physics are victim to frequent anomalies. A stalker guides two men into the Zone, specifically to an area in which deep-seated desires are granted.	/rem87AyEochEuhn9VvAGoMQpigz.jpg
120	Coco	3	408	2017	8.2	Despite his family’s baffling generations-old ban on music, Miguel dreams of becoming an accomplished musician like his idol, Ernesto de la Cruz. Desperate to prove his talent, Miguel finds himself in the stunning and colorful Land of the Dead following a mysterious chain of events. Along the way, he meets charming trickster Hector, and together, they set off on an extraordinary journey to unlock the real story behind Miguel's family history.	/gGEsBPAijhVUFoiNpgZXqRVWJt2.jpg
121	The Apartment	2	163	1960	8.2	Bud Baxter is a minor clerk in a huge New York insurance company, until he discovers a quick way to climb the corporate ladder. He lends out his apartment to the executives as a place to take their mistresses. Although he often has to deal with the aftermath of their visits, one night he's left with a major problem to solve.	/z6QlfbbORwQ2lnaCqbdEZOg3dRx.jpg
122	Doctor Who: The Day of the Doctor	15	415	2013	8.2	In 2013, something terrible is awakening in London's National Gallery; in 1562, a murderous plot is afoot in Elizabethan England; and somewhere in space an ancient battle reaches its devastating conclusion. All of reality is at stake as the Doctor's own dangerous past comes back to haunt him.	/qkhP3bhxQQjs1bGEWNts64DOUkK.jpg
123	Sansho the Bailiff	1	419	1954	8.2	In medieval Japan a compassionate governor is sent into exile. His wife and children try to join him, but are separated, and the children grow up amid suffering and oppression.	/rSlZ8iM4vRM0sZrrJNmjln4kZir.jpg
124	The Kid	2	210	1921	8.2	A tramp cares for a boy after he's abandoned as a newborn by his mother. Later the mother has a change of heart and aches to be reunited with her son.	/drgMcyTsySQBnUPGaBThCHGdlWT.jpg
125	A Clockwork Orange	15	265	1971	8.2	In a near-future Britain, young Alexander DeLarge and his pals get their kicks beating and raping anyone they please. When not destroying the lives of others, Alex swoons to the music of Beethoven. The state, eager to crack down on juvenile crime, gives an incarcerated Alex the option to undergo an invasive procedure that'll rob him of all personal agency. In a time when conscience is a commodity, can Alex change his tune?	/4sHeTAp65WrSSuc05nRBKddhBxO.jpg
126	The Shining	11	265	1980	8.2	Jack Torrance accepts a caretaker job at the Overlook Hotel, where he, along with his wife Wendy and their son Danny, must live isolated from the rest of the world for the winter. But they aren't prepared for the madness that lurks within.	/b6ko0IKC8MdYBBPkkA1aBPLe2yz.jpg
127	Children of Paradise	1	429	1945	8.2	Filmed during the German occupation, this French milestone centers around the theatrical life of a beautiful courtesan and the four men who love her. Voted the “Best French Film in History” by the French Film Academy in 1990.	/yiy9stl1jjVhW44ypkWMFDT8Ix3.jpg
128	Investigation of a Citizen Above Suspicion	1	433	1970	8.2	Rome, Italy. After committing a heinous crime, a senior police officer exposes evidence incriminating him because his moral commitment prevents him from circumventing the law and the social order it protects.	/vPTZwlq1IC4o1DCsEZEl2uGljzm.jpg
129	The Seventh Seal	6	348	1957	8.2	When disillusioned Swedish knight Antonius Block returns home from the Crusades to find his country in the grips of the Black Death, he challenges Death to a chess match for his life. Tormented by the belief that God does not exist, Block sets off on a journey, meeting up with traveling players Jof and his wife, Mia, and becoming determined to evade Death long enough to commit one redemptive act while he still lives.	/wcZ21zrOsy0b52AfAF50XpTiv75.jpg
130	Portrait of a Lady on Fire	1	440	2019	8.2	On an isolated island in Brittany at the end of the eighteenth century, a female painter is obliged to paint a wedding portrait of a young woman.	/2LquGwEhbg3soxSCs9VNyh5VJd9.jpg
131	Inglourious Basterds	1	63	2009	8.2	In Nazi-occupied France during World War II, a group of Jewish-American soldiers known as "The Basterds" are chosen specifically to spread fear throughout the Third Reich by scalping and brutally killing Nazis. The Basterds, lead by Lt. Aldo Raine soon cross paths with a French-Jewish teenage girl who runs a movie theater in Paris which is targeted by the soldiers.	/7sfbEnaARXDDhKm0CZ7D7uc2sbo.jpg
132	Vertigo	16	96	1958	8.2	A retired San Francisco detective suffering from acrophobia investigates the strange activities of an old friend's wife, all the while becoming dangerously obsessed with her.	/15uOEfqBNTVtDUT7hGBVCka0rZz.jpg
133	The Hate U Give	12	448	2018	8.2	Raised in a poverty-stricken slum, a 16-year-old girl named Starr now attends a suburban prep school. After she witnesses a police officer shoot her unarmed best friend, she's torn between her two very different worlds as she tries to speak her truth.	/2icwBom0t5nmOuZI9FVXF3gkMK0.jpg
134	Star Wars	9	452	1977	8.2	Princess Leia is captured and held hostage by the evil Imperial forces in their effort to take over the galactic Empire. Venturesome Luke Skywalker and dashing captain Han Solo team together with the loveable robot duo R2-D2 and C-3PO to rescue the beautiful princess and restore peace and justice in the Empire.	/6FfCtAuVAW8XJjZ7eWeLibRLWTw.jpg
135	Call Me by Your Name	4	453	2017	8.2	In 1980s Italy, a relationship begins between seventeen-year-old teenage Elio and the older adult man hired as his father's research assistant.	/mZ4gBdfkhP9tvLH1DO4m4HYtiyi.jpg
136	The Usual Suspects	1	457	1995	8.2	Held in an L.A. interrogation room, Verbal Kint attempts to convince the feds that a mythic crime lord, Keyser Soze, not only exists, but was also responsible for drawing him and his four partners into a multi-million dollar heist that ended with an explosion in San Pedro harbor – leaving few survivors. Verbal lures his interrogators with an incredible story of the crime lord's almost supernatural prowess.	/bUPmtQzrRhzqYySeiMpv7GurAfm.jpg
137	Gladiator	10	461	2000	8.2	In the year 180, the death of emperor Marcus Aurelius throws the Roman Empire into chaos.  Maximus is one of the Roman army's most capable and trusted generals and a key advisor to the emperor.  As Marcus' devious son Commodus ascends to the throne, Maximus is set to be executed.  He escapes, but is captured by slave traders.  Renamed Spaniard and forced to become a gladiator, Maximus must battle to the death with other men for the amusement of paying audiences.	/ty8TGRuvJLPUmAR1H1nRIsgwvim.jpg
138	New Gods: Nezha Reborn	5	465	2021	8.2	While living as an ordinary deliveryman and motor racing fan, Nezha encounters old nemeses and must rediscover his powers to protect his loved ones.	/lBfBMeNJFfUvpkQsXsMwjcbNcp2.jpg
139	Black Beauty	1	469	2020	8.2	Born free in the American West, Black Beauty is a horse rounded up and brought to Birtwick Stables, where she meets spirited teenager Jo Green. The two forge a bond that carries Beauty through the different chapters, challenges and adventures.	/5ZjMNJJabwBEnGVQoR2yoMEL9um.jpg
140	Piper	3	473	2016	8.2	A mother bird tries to teach her little one how to find food by herself. In the process, she encounters a traumatic experience that she must overcome in order to survive.	/9tzpqQic0VJt4JCAJ5ZGrfs1qWV.jpg
141	The Prestige	1	51	2006	8.2	A mysterious story of two magicians whose intense rivalry leads them on a life-long battle for supremacy -- full of obsession, deceit and jealousy with dangerous and deadly consequences.	/bdN3gXuIZYaJP7ftKK2sU0nPtEA.jpg
142	Saving Private Ryan	1	13	1998	8.2	As U.S. troops storm the beaches of Normandy, three brothers lie dead on the battlefield, with a fourth trapped behind enemy lines. Ranger captain John Miller and seven men are tasked with penetrating German-held territory and bringing the boy home.	/1wY4psJ5NVEhCuOYROwLH2XExM2.jpg
143	Violet Evergarden: Eternity and the Auto Memory Doll	1	477	2019	8.2	Isabella, the daughter of the noble York family, is enrolled in an all-girls academy to be groomed into a dame worthy of nobility. However, she has given up on her future, seeing the prestigious school as nothing more than a prison from the outside world. Her family notices her struggling in her lessons and decides to hire Violet Evergarden to personally tutor her under the guise of a handmaiden.  At first, Isabella treats Violet coldly. Violet seems to be able to do everything perfectly, leading Isabella to assume that she was born with a silver spoon. After some time, Isabella begins to realize that Violet has had her own struggles and starts to open up to her. Isabella soon reveals that she has lost contact with her beloved younger sister, whom she yearns to see again.  Having experienced the power of words through her past clientele, Violet asks if Isabella wishes to write a letter to Taylor. Will Violet be able to help Isabella convey her feelings to her long-lost sister?	/zjaSw6Ok0MhXjrruPrA27VHyUYC.jpg
144	Memento	16	51	2000	8.2	Leonard Shelby is tracking down the man who raped and murdered his wife. The difficulty of locating his wife's killer, however, is compounded by the fact that he suffers from a rare, untreatable form of short-term memory loss. Although he can recall details of life before his accident, Leonard cannot remember what happened fifteen minutes ago, where he's going, or why.	/yuNs09hvpHVU1cBTCAk9zxsL2oW.jpg
145	The Help	1	482	2011	8.2	Aibileen Clark is a middle-aged African-American maid who has spent her life raising white children and has recently lost her only son; Minny Jackson is an African-American maid who has often offended her employers despite her family's struggles with money and her desperate need for jobs; and Eugenia "Skeeter" Phelan is a young white woman who has recently moved back home after graduating college to find out her childhood maid has mysteriously disappeared. These three stories intertwine to explain how life in Jackson, Mississippi revolves around "the help"; yet they are always kept at a certain distance because of racial lines.	/7XLSwxpfpPoJyTdJVot6a42TS2V.jpg
146	My Mom is a Character 3	2	486	2019	8.2	Dona Hermínia will have to rediscover and reinvent herself because her children are forming new families. This supermom will have to deal with a new life scenario: Marcelina is pregnant and Juliano is getting married.	/zw77BFPGJ73Lig8GwRzYj1XHq53.jpg
147	The Matrix	10	490	1999	8.2	Set in the 22nd century, The Matrix tells the story of a computer hacker who joins a group of underground insurgents fighting the vast and powerful computers who now rule the earth.	/f89U3ADr1oiB1s9GkdPOEpXUk5H.jpg
148	Shutter Island	1	79	2010	8.2	World War II soldier-turned-U.S. Marshal Teddy Daniels investigates the disappearance of a patient from a hospital for the criminally insane, but his efforts are compromised by troubling visions and a mysterious doctor.	/kve20tXwUZpu4GUX8l6X7Z4jmL6.jpg
149	Hacksaw Ridge	1	493	2016	8.2	WWII American Army Medic Desmond T. Doss, who served during the Battle of Okinawa, refuses to kill people and becomes the first Conscientious Objector in American history to receive the Congressional Medal of Honor.	/fTuxNlgEm04PPFkr1xfK94Jn8BW.jpg
150	Capernaum	1	497	2018	8.2	Zain, a 12-year-old boy scrambling to survive on the streets of Beirut, sues his parents for having brought him into such an unjust world, where being a refugee with no documents means that your rights can easily be denied.	/cqkqrIDzvkFRWVbRRQLqtkXQoPu.jpg
151	Soul	5	501	2020	8.2	Joe Gardner is a middle school teacher with a love for jazz music. After a successful audition at the Half Note Club, he suddenly gets into an accident that separates his soul from his body and is transported to the You Seminar, a center in which souls develop and gain passions before being transported to a newborn child. Joe must enlist help from the other souls-in-training, like 22, a soul who has spent eons in the You Seminar, in order to get back to Earth.	/hm58Jw4Lw8OIeECIq5qyPYhAeRJ.jpg
152	Taxi Driver	12	79	1976	8.2	A mentally unstable Vietnam War veteran works as a night-time taxi driver in New York City where the perceived decadence and sleaze feed his urge for violent action.	/ekstpH614fwDX8DUln1a2Opz0N8.jpg
153	Wonder	1	506	2017	8.2	The story of August Pullman – a boy with facial differences – who enters fifth grade, attending a mainstream elementary school for the first time.	/ouYgAatYH4JzIThj6FI3UYf31RI.jpg
154	Singin' in the Rain	2	510	1952	8.2	In 1927 Hollywood, a silent film production company and cast make a difficult transition to sound.	/zjrpWniKbzu0zFR5sUI1Ptdfl9y.jpg
155	Bo Burnham: Make Happy	2	387	2016	8.2	Combining his trademark wit and self-deprecating humor with original music, Bo Burnham offers up his unique twist on life in this stand-up special about  life, death, sexuality, hypocrisy, mental illness and Pringles cans.	/1RqDE7X2rGjxKOklweUFd2U7Vn0.jpg
156	Metropolis	1	515	1927	8.2	In a futuristic city sharply divided between the rich and the poor, the son of the city's mastermind meets a prophet who predicts the coming of a savior to mediate their differences.	/hUK9rewffKGqtXynH5SW3v9hzcu.jpg
157	Luck	5	519	2022	8.2	Suddenly finding herself in the never-before-seen Land of Luck, the unluckiest person in the world must unite with the magical creatures there to turn her luck around.	/1HOYvwGFioUFL58UVvDRG6beEDm.jpg
158	Joker	12	523	2019	8.2	During the 1980s, a failed stand-up comedian is driven insane and turns to a life of crime and chaos in Gotham City while becoming an infamous psychopathic crime figure.	/udDclJoHjfjb8Ekgsd4FDteOkCU.jpg
159	Scenes from a Marriage	1	348	1974	8.2	Johan and Marianne are married and seem to have it all. Their happiness, however, is a façade for a troubled relationship, which becomes even rockier when Johan admits that he's having an affair. Before long, the spouses separate and move towards finalizing their divorce, but they make attempts at reconciling. Even as they pursue other relationships, Johan and Marianne realize that they have a significant bond, but also many issues that hinder that connection.	/ArKEdvJesIktFX8OAhcdKAOLl6I.jpg
160	Yojimbo	1	87	1961	8.2	A nameless ronin, or samurai with no master, enters a small village in feudal Japan where two rival businessmen are struggling for control of the local gambling trade. Taking the name Sanjuro Kuwabatake, the ronin convinces both silk merchant Tazaemon and sake merchant Tokuemon to hire him as a personal bodyguard, then artfully sets in motion a full-scale gang war between the two ambitious and unscrupulous men.	/tN7kYPjRhDolpui9sc9Eq9n5b2O.jpg
161	Far from the Tree	5	527	2021	8.2	On an idyllic beach in the Pacific Northwest, curiosity gets the better of a young raccoon whose frustrated parent attempts to keep them both safe.	/39oaQUS0KxyXL6KYJ2o2u03PpHz.jpg
162	Casablanca	1	528	1942	8.2	In Casablanca, Morocco in December 1941, a cynical American expatriate meets a former lover, with unforeseen complications.	/5K7cOHoay2mZusSLezBOY0Qxh8a.jpg
163	All About Eve	1	532	1950	8.2	From the moment she glimpses her idol at the stage door, Eve Harrington is determined to take the reins of power away from the great actress Margo Channing. Eve maneuvers her way into Margo's Broadway role, becomes a sensation and even causes turmoil in the lives of Margo's director boyfriend, her playwright and his wife. Only the cynical drama critic sees through Eve, admiring her audacity and perfect pattern of deceit.	/6numIZH6uR3NlJgY9m7nGH0jhs.jpg
164	Scarface	10	536	1983	8.2	After getting a green card in exchange for assassinating a Cuban government official, Tony Montana stakes a claim on the drug trade in Miami. Viciously murdering anyone who stands in his way, Tony eventually becomes the biggest drug lord in the state, controlling nearly all the cocaine that comes through Miami. But increased pressure from the police, wars with Colombian drug cartels and his own drug-fueled paranoia serve to fuel the flames of his eventual downfall.	/iQ5ztdjvteGeboxtmRdXEChJOHh.jpg
165	Togo	9	539	2019	8.2	The untold true story set in the winter of 1925 that takes you across the treacherous terrain of the Alaskan tundra for an exhilarating and uplifting adventure that will test the strength, courage and determination of one man, Leonhard Seppala, and his lead sled dog, Togo.	/hFoDiWyNTpnMFLTFFEDhuBG59Bq.jpg
166	The Father	1	543	2020	8.2	A man refuses all assistance from his daughter as he ages and, as he tries to make sense of his changing circumstances, he begins to doubt his loved ones, his own mind and even the fabric of his reality.	/pr3bEQ517uMb5loLvjFQi8uLAsp.jpg
167	Ayla: The Daughter of War	1	546	2017	8.2	In 1950, amidst the ravages of the Korean War, Sergeant Süleyman stumbles upon a a half-frozen little girl, with no parents and no help in sight. Frantic, scared and on the verge of death, this little girl captures the heart of Süleyman, who risks his own life to save her, smuggling her into his Army base and out of harms way. Not knowing her name and unable to communicate with her, Süleyman names her Ayla, in reminiscence of the moon on the fateful night during which they met. The two form an instantaneous and inseparable bond, and Ayla, almost effortlessly, brings an uncanny joy to the Turkish brigade in the grip of war. As the war comes to a close however, Süleyman's brigade is told that they will be returning home. Süleyman cannot bear abandoning Ayla, and does everything within his power to take her with him. After repeated failure, he is forced to give Ayla to an orphanage, but doesn't give up on the hope of one day reuniting with her. Will the two ever get back together?	/pYhlkqBLMZuH8UmzTkENeSQ2vhb.jpg
168	My Friends	2	550	1975	8.2	Four middle-aged friends in Florence organize together idle pranks (called zingarate, "gypsy shenanigans") in a continuous attempt to prolong childhood during their adult life.	/8Pm8SLjq2UHCwisd56ipHtzvZI1.jpg
169	La Dolce Vita	2	394	1960	8.2	Journalist and man-about-town Marcello struggles to find his place in the world, torn between the allure of Rome's elite social scene and the stifling domesticity offered by his girlfriend, all the while searching for a way to become a serious writer.	/5Zq9pAs3Y9TrFHxO0nEbq3QVTtj.jpg
170	The Departed	1	79	2006	8.2	To take down South Boston's Irish Mafia, the police send in one of their own to infiltrate the underworld, not realizing the syndicate has done likewise. While an undercover cop curries favor with the mob kingpin, a career criminal rises through the police ranks. But both sides soon discover there's a mole among them.	/kWWAt2FMRbqLFFy8o5R4Zr8cMAb.jpg
171	Lock, Stock and Two Smoking Barrels	2	555	1998	8.2	A card shark and his unwillingly-enlisted friends need to make a lot of cash quick after losing a sketchy poker match. To do this they decide to pull a heist on a small-time gang who happen to be operating out of the flat next door.	/8kSerJrhrJWKLk1LViesGcnrUPE.jpg
172	Sherlock Jr.	10	559	1924	8.2	A film projectionist longs to be a detective, and puts his meagre skills to work when he is framed by a rival for stealing his girlfriend's father's pocketwatch.	/1G9r3rqtbFAQuyWKOZm4Y5J5s7Q.jpg
173	Central Station	1	562	1998	8.2	An emotive journey of a former school teacher, who writes letters for illiterate people, and a young boy, whose mother has just died, as they search for the father he never knew.	/zJvp7XjQ2LhPbDVYhFXyucs40vR.jpg
174	Rashomon	12	87	1950	8.2	Brimming with action while incisively examining the nature of truth, "Rashomon" is perhaps the finest film ever to investigate the philosophy of justice. Through an ingenious use of camera and flashbacks, Kurosawa reveals the complexities of human nature as four people recount different versions of the story of a man's murder and the rape of his wife.	/vL7Xw04nFMHwnvXRFCmYYAzMUvY.jpg
175	Django Unchained	1	63	2012	8.2	With the help of a German bounty hunter, a freed slave sets out to rescue his wife from a brutal Mississippi plantation owner.	/7oWY8VDWW7thTzWh3OKYRkWUlD5.jpg
176	Andrei Rublev	1	404	1966	8.2	An expansive Russian drama, this film focuses on the life of revered religious icon painter Andrei Rublev. Drifting from place to place in a tumultuous era, the peace-seeking monk eventually gains a reputation for his art. But after Rublev witnesses a brutal battle and unintentionally becomes involved, he takes a vow of silence and spends time away from his work. As he begins to ease his troubled soul, he takes steps towards becoming a painter once again.	/910xRIUmNJrWH2hkQifBJtoPp5R.jpg
177	Double Indemnity	12	163	1944	8.1	A rich woman and a calculating insurance agent plot to kill her unsuspecting husband after he signs a double indemnity policy. Against a backdrop of distinctly Californian settings, the partners in crime plan the perfect murder to collect the insurance, which pays double if the death is accidental.	/7YNuG4Az4RotLmY3SvFdAFhSW5l.jpg
178	Reservoir Dogs	12	63	1992	8.1	A botched robbery indicates a police informant, and the pressure mounts in the aftermath at a warehouse. Crime begets violence as the survivors -- veteran Mr. White, newcomer Mr. Orange, psychopathic parolee Mr. Blonde, bickering weasel Mr. Pink and Nice Guy Eddie -- unravel.	/lsBnfheKZBO3UKU7lVHIeGZLWuF.jpg
179	The Great War	1	550	1959	8.1	Italy, 1916. Oreste Jacovacci and Giovanni Busacca are called, as all the Italian youths, to serve the army in the WWI. They both try in every way to avoid serving the army.	/aDvKsUb5y7GMNMz2HHNtuGww5t8.jpg
180	Full Metal Jacket	1	265	1987	8.1	A pragmatic U.S. Marine observes the dehumanizing effects the U.S.-Vietnam War has on his fellow recruits from their brutal boot camp training to the bloody street fighting in Hue.	/kMKyx1k8hWWscYFnPbnxxN4Eqo4.jpg
181	Good Will Hunting	1	577	1997	8.1	Will Hunting has a genius-level IQ but chooses to work as a janitor at MIT. When he solves a difficult graduate-level math problem, his talents are discovered by Professor Gerald Lambeau, who decides to help the misguided youth reach his potential. When Will is arrested for attacking a police officer, Professor Lambeau makes a deal to get leniency for him if he will get treatment from therapist Sean Maguire.	/bABCBKYBK7A5G1x0FzoeoNfuj2.jpg
182	Me Against You: Mr. S's Vendetta	2	578	2020	8.1	A young couple who makes popular YouTube videos for children sets out to win an award, but an evil mastermind stands in the way of their success.	/4XzbcAKdX4n3aWfzBjjeAlm68S3.jpg
183	Nobody	10	582	2021	8.1	Hutch Mansell, a suburban dad, overlooked husband, nothing neighbor — a "nobody." When two thieves break into his home one night, Hutch's unknown long-simmering rage is ignited and propels him on a brutal path that will uncover dark secrets he fought to leave behind.	/oBgWY00bEFeZ9N25wWVyuQddbAo.jpg
184	Cruella	2	584	2021	8.1	In 1970s London amidst the punk rock revolution, a young grifter named Estella is determined to make a name for herself with her designs. She befriends a pair of young thieves who appreciate her appetite for mischief, and together they are able to build a life for themselves on the London streets. One day, Estella’s flair for fashion catches the eye of the Baroness von Hellman, a fashion legend who is devastatingly chic and terrifyingly haute. But their relationship sets in motion a course of events and revelations that will cause Estella to embrace her wicked side and become the raucous, fashionable and revenge-bent Cruella.	/wToO8opxkGwKgSfJ1JK8tGvkG6U.jpg
185	Dr. Strangelove or: How I Learned to Stop Worrying and Love the Bomb	1	265	1964	8.1	After the insane General Jack D. Ripper initiates a nuclear strike on the Soviet Union, a war room full of politicians, generals and a Russian diplomat all frantically try to stop the nuclear strike.	/gHm96BRW4GoI339rF1vYoYTB6Qe.jpg
186	Wild Strawberries	1	348	1957	8.1	Crotchety retired doctor Isak Borg travels from Stockholm to Lund, Sweden, with his pregnant and unhappy daughter-in-law, Marianne, in order to receive an honorary degree from his alma mater. Along the way, they encounter a series of hitchhikers, each of whom causes the elderly doctor to muse upon the pleasures and failures of his own life. These include the vivacious young Sara, a dead ringer for the doctor's own first love.	/iyTD2QnySNMPUPE3IedZQipSWfz.jpg
187	Out of the Clear Blue Sky	2	592	2019	8.1	Returning to Earth as an imitator, the legendary Mexican artist Pedro Infante must prove that he is no longer a womanizer to enter paradise.	/xg6QZdlHrq2dtSK8cfnQQMnmpeY.jpg
188	Some Like It Hot	2	163	1959	8.1	Two musicians witness a mob hit and struggle to find a way out of the city before they are found by the gangsters. Their only opportunity is to join an all-girl band as they leave on a tour. To make their getaway they must first disguise themselves as women, then keep their identities secret and deal with the problems this brings - such as an attractive bandmate and a very determined suitor.	/hVIKyTK13AvOGv7ICmJjK44DTzp.jpg
189	Alien	11	461	1979	8.1	During its return to the earth, commercial spaceship Nostromo intercepts a distress signal from a distant planet. When a three-member team of the crew discovers a chamber containing thousands of eggs on the planet, a creature inside one of the eggs attacks an explorer. The entire crew is unaware of the impending nightmare set to descend upon them when the alien parasite planted inside its unfortunate host is birthed.	/vfrQk5IPloGg1v9Rzbh2Eg3VGyM.jpg
190	The Invisible Guest	1	601	2017	8.1	Barcelona, Spain. Adrián Doria, a young and successful businessman accused of murder, meets one night with Virginia Goodman, an expert interrogation lawyer, in order to devise a defense strategy.	/fptnZJbLzKUHeNlYrAynbyoL5YJ.jpg
191	Anne of Green Gables	3	605	1985	8.1	At the turn of the century on Prince Edward Island, Matthew Cuthbert and his sister Marilla decide to take on an orphan boy as help for their farm. But they get an unexpected jolt when they're mistakenly sent a girl instead: Anne Shirley.	/wuF8aapqbDPFkoWbwI5LWfDXpVq.jpg
192	Paper Lives	1	546	2021	8.1	In the streets of Istanbul, ailing waste warehouse worker Mehmet takes a small boy under his wing and must soon confront his own traumatic childhood.	/cmru6N6Hnw2pJwuo1ctH1CxKqKZ.jpg
193	How to Train Your Dragon: Homecoming	5	612	2019	8.1	It's been ten years since the dragons moved to the Hidden World, and even though Toothless doesn't live in New Berk anymore, Hiccup continues the holiday traditions he once shared with his best friend. But the Vikings of New Berk were beginning to forget about their friendship with dragons. Hiccup, Astrid, and Gobber know just what to do to keep the dragons in the villagers' hearts. And across the sea, the dragons have a plan of their own...	/kXj2Qrfm994yLeuADqbOieU1mUH.jpg
194	The Tale of The Princess Kaguya	5	104	2013	8.1	Found inside a shining stalk of bamboo by an old bamboo cutter and his wife, a tiny girl grows rapidly into an exquisite young lady. The mysterious young princess enthrals all who encounter her. But, ultimately, she must confront her fate, the punishment for her crime.	/mWRQNlWXYYfd2z4FRm99MsgHgiA.jpg
195	Paris, Texas	1	619	1984	8.1	A man wanders out of the desert not knowing who he is. His brother finds him, and helps to pull his memory back of the life he led before he walked out on his family and disappeared four years earlier.	/6NuFYT1f1rG0AeIVTJEgsRa7AOi.jpg
196	Big Deal on Madonna Street	2	550	1958	8.1	Best friends Peppe and Mario are thieves, but they're not very good at it. Still, Peppe thinks that he's finally devised a master heist that will make them rich. With the help of some fellow criminals, he plans to dig a tunnel from a rented apartment to the pawnshop next door, where they can rob the safe. But his plan is far from foolproof, and the fact that no one in the group has any experience digging tunnels proves to be the least of their problems.	/f5OxD8Nl0pR3DcYHtYhHRfpsmjl.jpg
197	Dersu Uzala	10	87	1975	8.1	A military explorer meets and befriends a Goldi man in Russia’s unmapped forests. A deep and abiding bond evolves between the two men, one civilized in the usual sense, the other at home in the glacial Siberian woods.	/i6Z4A77eO22hD0rOUu7NlCMdZBr.jpg
198	Harry Potter and the Deathly Hallows: Part 2	6	628	2011	8.1	Harry, Ron and Hermione continue their quest to vanquish the evil Voldemort once and for all. Just as things begin to look hopeless for the young wizards, Harry discovers a trio of magical objects that endow him with powers to rival Voldemort's formidable skills.	/c54HpQmuwXjHq2C9wmoACjxoom3.jpg
199	Red Beard	1	87	1965	8.1	Aspiring to an easy job as personal physician to a wealthy family, Noboru Yasumoto is disappointed when his first post after medical school takes him to a small country clinic under the gruff doctor Red Beard. Yasumoto rebels in numerous ways, but Red Beard proves a wise and patient teacher. He gradually introduces his student to the unglamorous side of the profession, ultimately assigning him to care for a prostitute rescued from a local brothel.	/fo800fRcWtl3Zhs6tPHfXP4KBak.jpg
200	Michael Jackson's Thriller	11	634	1983	8.1	A night at the movies turns into a nightmare when Michael and his date are attacked by a horde of bloody-thirsty zombies.	/djv4LM6uanJriwpsOyJzaaSp4gf.jpg
201	The Truman Show	2	230	1998	8.1	Truman Burbank is the star of The Truman Show, a 24-hour-a-day reality TV show that broadcasts every aspect of his life without his knowledge. His entire life has been an unending soap opera for consumption by the rest of the world. And everyone he knows, including his wife and his best friend is really an actor, paid to be part of his life.	/vuza0WqY239yBXOadKlGwJsZJFE.jpg
202	M	1	515	1931	8.1	In this classic German thriller, Hans Beckert, a serial killer who preys on children, becomes the focus of a massive Berlin police manhunt. Beckert's heinous crimes are so repellant and disruptive to city life that he is even targeted by others in the seedy underworld network. With both cops and criminals in pursuit, the murderer soon realizes that people are on his trail, sending him into a tense, panicked attempt to escape justice.	/slsS6jT6SXjcTPOrsFcLIrHboXA.jpg
203	Pather Panchali	1	644	1955	8.1	Impoverished priest Harihar Ray, dreaming of a better life for himself and his family, leaves his rural Bengal village in search of work.	/frZj5djlU9hFEjMcL21RJZVuG5O.jpg
204	Along with the Gods: The Two Worlds	1	374	2017	8.1	Having died unexpectedly, firefighter Ja-hong is taken to the afterlife by 3 afterlife guardians. Only when he passes 7 trials over 49 days and proves he was innocent in human life, he’s able to reincarnate, and his 3 afterlife guardians are by his side to defend him in trial.	/gJSvIsI6oQfFim0PGyuuiCYfqKs.jpg
205	I corti	2	649	1996	8.1	I corti ("shorts") by Aldo, Giovanni & Giacomo was the first stage show of the comedy trio, with the participation of Marina Massironi. It was recorded live at the Teatro Nuovo in Ferrara on 28 and 29 March 1996. Produced by Agidi, with the theatre direction of Arturo Brachetti.	/9uZhgmOAH7eW4uWGL49HgIA0JtE.jpg
206	A Special Day	1	277	1977	8.1	In Rome, fascist supporter Emanuele attends a parade commemorating Adolf Hitler's historic meeting with Italian leader Benito Mussolini, leaving his apolitical wife, Antonietta, to tend to household duties. Antonietta encounters a man, Gabriele, who appears surprisingly nonplussed by the political event. Over the course of the day, the two forge a close friendship that will forever change their perceptions of life, love and politics.	/6ZzkiTbuf2ltEPunhQolGIcckyS.jpg
207	Incendies	1	655	2010	8.1	A mother's last wishes send twins Jeanne and Simon on a journey to Middle East in search of their tangled roots. Adapted from Wajdi Mouawad's acclaimed play, Incendies tells the powerful and moving tale of two young adults' voyage to the core of deep-rooted hatred, never-ending wars and enduring love.	/zQdcNGCi4aVIv02wMHaTWlF7M2w.jpg
208	In the Mood for Love	1	659	2000	8.1	Hong Kong, 1962: Chow Mo-Wan and Su Li-Zhen move into neighboring apartments on the same day. Their encounters are formal and polite—until a discovery about their spouses creates an intimate bond between them.	/iYypPT4bhqXfq1b6EnmxvRt6b2Y.jpg
209	Toto, Peppino, and the Hussy	2	663	1956	8.1	Antonio, Peppino and Lucia are three brothers who live in the country near Naples. Lucia's son, Gianni, goes to Naples to study medicine, but there he knows a ballet dancer. They fall in love and, when she goes to Milan, Gianni follows her. Informed of this and afraid that their nephew will stop studying, the three Caponi brothers leave for Milan to persuade Gianni to come back and continue studying and abandon the "Malafemmina" (bad girl).	/rHsc35TLPliJAvbnmu8dvddiu96.jpg
210	There Will Be Blood	1	667	2007	8.1	Ruthless silver miner, turned oil prospector, Daniel Plainview, moves to oil-rich California. Using his son to project a trustworthy, family-man image, Plainview cons local landowners into selling him their valuable properties for a pittance. However, local preacher Eli Sunday suspects Plainview's motives and intentions, starting a slow-burning feud that threatens both their lives.	/fa0RDkAlCec0STeMNAhPaF89q6U.jpg
211	Hannah Gadsby: Nanette	2	671	2018	8.1	The Australian comedian Hannah Gadsby is taking an anti-comedy stance in her newest special.	/xyDapdXEqic7pkLFvvvEW5dI3or.jpg
212	Eternal Sunshine of the Spotless Mind	15	673	2004	8.1	Joel Barish, heartbroken that his girlfriend underwent a procedure to erase him from her memory, decides to do the same. However, as he watches his memories of her fade away, he realises that he still loves her, and may be too late to correct his mistake.	/5MwkWH9tYHv3mV9OdYTMR5qreIz.jpg
213	Straight Outta Nowhere: Scooby-Doo! Meets Courage the Cowardly Dog	5	675	2021	8.1	With Mystery, Inc. on the tail of a strange object in Nowhere, Kansas, the strange hometown of Eustice, Muriel, and Courage, the gang soon find themselves contending with a giant cicada monster and her winged warriors.	/uIdMpWrQ30SHPINsy7LcPFloyvO.jpg
214	Three Billboards Outside Ebbing, Missouri	12	679	2017	8.1	After seven months have passed without a culprit in her daughter's murder case, Mildred Hayes makes a bold move, painting three signs leading into her town with a controversial message directed at Bill Willoughby, the town's revered chief of police. When his second-in-command Officer Jason Dixon, an immature mother's boy with a penchant for violence, gets involved, the battle between Mildred and Ebbing's law enforcement is only exacerbated.	/uGMM9ZObmPUFrGqcbFMVyv8L1lU.jpg
215	The Hunt	1	683	2012	8.1	A teacher lives a lonely life, all the while struggling over his son’s custody. His life slowly gets better as he finds love and receives good news from his son, but his new luck is about to be brutally shattered by an innocent little lie.	/jkixsXzRh28q3PCqFoWcf7unghT.jpg
216	In the Arms of an Assassin	4	687	2019	8.1	Victor (William Levy) is one of the world’s most handsome  men, but he has a deep secret – he is a cold blooded assassin. Smooth talking and seductive, Victor was raised to do one thing only, which is to kill for money. When he is sent to the home of a brutal drug lord to collect payment for his most recent hit, he encounters the beautiful Sarai (Alicia Sanz), who has been forced to spend the last 9 years of her life with the drug lord.	/iqRUOtbDunNq7gTux3zXz25Krwp.jpg
217	The Passion of Joan of Arc	1	691	1928	8.1	A classic of the silent age, this film tells the story of the doomed but ultimately canonized 15th-century teenage warrior. On trial for claiming she'd spoken to God, Jeanne d'Arc is subjected to inhumane treatment and scare tactics at the hands of church court officials. Initially bullied into changing her story, Jeanne eventually opts for what she sees as the truth. Her punishment, a famously brutal execution, earns her perpetual martyrdom.	/8OYGtQlO8k9PcOm49apV62eVJQo.jpg
218	Lion	1	695	2016	8.1	A five-year-old Indian boy gets lost on the streets of Calcutta, thousands of kilometers from home. He survives many challenges before being adopted by a couple in Australia; 25 years later, he sets out to find his lost family.	/kCELJH1tCmaRLqvwIgKDb09aEaw.jpg
219	The 400 Blows	1	699	1959	8.1	For young Parisian boy Antoine Doinel, life is one difficult situation after another. Surrounded by inconsiderate adults, including his neglectful parents, Antoine spends his days with his best friend, Rene, trying to plan for a better life. When one of their schemes goes awry, Antoine ends up in trouble with the law, leading to even more conflicts with unsympathetic authority figures.	/12PuU23kkDLvTd0nb8hMlE3oShB.jpg
220	Scooby-Doo! and Kiss: Rock and Roll Mystery	3	703	2015	8.1	Get ready to Rock! Scooby-Doo and the Mystery Inc. Gang team up with the one and only KISS in this all-new, out-of-this-world adventure! We join the Gang at Kiss World – the all-things-Kiss theme park, as they investigate a series of strange hauntings. With help from Kiss, they discover that the Crimson Witch has returned to summon The Destroyer from the alternate dimension of Kissteria! The evil duos ghastly plan, to destroy the earth! Can the Gang's cunning and Kiss's power of rock save the day?!	/dubNbVmMmE9vULPA5CZokqUJ0o6.jpg
221	The Best of Youth	1	706	2003	8.1	Spanning nearly four decades, this generational epic follows two Italian brothers from a middle-class family through some of the most significant events of postwar Italian history after their life paths diverge thanks to one fateful encounter during the summer of 1966.	/ltmcFRvTeAgBgMLUGa15KzDSQqs.jpg
222	Pride & Prejudice	1	710	2005	8.1	A story of love and life among the landed English gentry during the Georgian era. Mr. Bennet is a gentleman living in Hertfordshire with his overbearing wife and five daughters, but if he dies their house will be inherited by a distant cousin whom they have never met, so the family's future happiness and security is dependent on the daughters making good marriages.	/sGjIvtVvTlWnia2zfJfHz81pZ9Q.jpg
223	Prey	10	714	2022	8.1	When danger threatens her camp, the fierce and highly skilled Comanche warrior Naru sets out to protect her people. But the prey she stalks turns out to be a highly evolved alien predator with a technically advanced arsenal.	/ujr5pztc1oitbe7ViMUOilFaJ7s.jpg
224	Thirteen Lives	1	718	2022	8.1	Based on the true nail-biting mission that captivated the world. Twelve boys and the coach of a Thai soccer team explore the Tham Luang cave when an unexpected rainstorm traps them in a chamber inside the mountain. Entombed behind a maze of flooded cave tunnels, they face impossible odds. A team of world-class divers navigate through miles of dangerous cave networks to discover that finding the boys is only the beginning.	/yi5KcJqFxy0D6yP8nCfcF8gJGg5.jpg
225	Believe Me: The Abduction of Lisa McVey	1	721	2018	8.1	On the night she plans on taking her own life, 17-year-old 'Lisa McVey' is kidnapped and finds herself fighting to stay alive and manages to be a victim of rape. She manages to talk her attacker into releasing her, but when she returns home, no one believes her story except for one detective, who suspects she was abducted by a serial killer. Based on horrifying true events.	/1X53fMPuNL5FxrSXTLssjYYKhxS.jpg
226	Love, Simon	2	725	2018	8.1	Everyone deserves a great love story. But for seventeen-year old Simon Spier it's a little more complicated: he's yet to tell his family or friends he's gay and he doesn't know the identity of the anonymous classmate he's fallen for online.	/5YUYg5q7QfC4IoNwNUtiwdiYKPr.jpg
227	The Elephant Man	1	729	1980	8.1	A Victorian surgeon rescues a heavily disfigured man being mistreated by his "owner" as a side-show freak. Behind his monstrous façade, there is revealed a person of great intelligence and sensitivity. Based on the true story of Joseph Merrick (called John Merrick in the film), a severely deformed man in 19th century London.	/rk2lKgEtjF9HO9N2UFMRc2cMGdj.jpg
228	La Haine	1	731	1995	8.1	After a chaotic night of rioting in a marginal suburb of Paris, three young friends, Vinz, Hubert and Saïd, wander around unoccupied waiting for news about the state of health of a mutual friend who has been seriously injured when confronting the police.	/7izWzrLEMUlOr971nhqXXktjz5Y.jpg
229	Das Boot	1	735	1981	8.1	A German submarine hunts allied ships during the Second World War, but it soon becomes the hunted. The crew tries to survive below the surface, while stretching both the boat and themselves to their limits.	/fvobAlXFCsCXqZlPYMGhu5W9gvr.jpg
230	Mirror	1	404	1975	8.1	A dying man in his forties recalls his childhood, his mother, the war and personal moments that tell of and juxtapose pivotal moments in Soviet history with daily life.	/AttDP5OEsMxtHPPN7Z92p2Ntnmd.jpg
231	Terminator 2: Judgment Day	10	742	1991	8.1	Nearly 10 years have passed since Sarah Connor was targeted for termination by a cyborg from the future. Now her son, John, the future leader of the resistance, is the target for a newer, more deadly terminator. Once again, the resistance has managed to send a protector back to attempt to save John and his mother Sarah.	/5M0j0B18abtBI5gi2RhfjjurTqb.jpg
232	Ugetsu	6	419	1953	8.1	In 16th century Japan, peasants Genjuro and Tobei sell their earthenware pots to a group of soldiers in a nearby village, in defiance of a local sage's warning against seeking to profit from warfare. Genjuro's pursuit of both riches and the mysterious Lady Wakasa, as well as Tobei's desire to become a samurai, run the risk of destroying both themselves and their wives, Miyagi and Ohama.	/7Kk1ZsrAul2Lg7Pe45XOcUf2ARQ.jpg
233	Kitbull	5	746	2019	8.1	An unlikely connection sparks between two creatures: a fiercely independent stray kitten and a pit bull. Together, they experience friendship for the first time.	/mwKO3cZbxipgd9QAPboJVTDLPiN.jpg
234	2001: A Space Odyssey	15	265	1968	8.1	Humanity finds a mysterious object buried beneath the lunar surface and sets off to find its origins with the help of HAL 9000, the world's most advanced super computer.	/ve72VxNqjGM69Uky4WTo2bK6rfq.jpg
235	Jojo Rabbit	2	750	2019	8.1	A World War II satire that follows a lonely German boy whose world view is turned upside down when he discovers his single mother is hiding a young Jewish girl in their attic. Aided only by his idiotic imaginary friend, Adolf Hitler, Jojo must confront his blind nationalism.	/7GsM4mtM0worCtIVeiQt28HieeN.jpg
236	A Taxi Driver	10	754	2017	8.1	May, 1980. Man-seob is a taxi driver in Seoul who lives from hand to mouth, raising his young daughter alone. One day, he hears that there is a foreigner who will pay big money for a drive down to Gwangju city. Not knowing that he’s a German journalist with a hidden agenda, Man-seob takes the job.	/iXVaWbxmyPk4KZGZk5GGDGFieMX.jpg
237	Ran	10	87	1985	8.1	With Ran, legendary director Akira Kurosawa reimagines Shakespeare's King Lear as a singular historical epic set in sixteenth-century Japan. Majestic in scope, the film is Kurosawa's late-life masterpiece, a profound examination of the folly of war and the crumbling of one family under the weight of betrayal, greed, and the insatiable thirst for power.	/jQnUtWaHYfqnXPOIf77K7Ycqk4M.jpg
238	Bound by Honor	12	758	1993	8.1	Based on the true life experiences of poet Jimmy Santiago Baca, the film focuses on half-brothers Paco and Cruz, and their bi-racial cousin Miklo. It opens in 1972, as the three are members of an East L.A. gang known as the "Vatos Locos", and the story focuses on how a violent crime and the influence of narcotics alter their lives. Miklo is incarcerated and sent to San Quentin, where he makes a "home" for himself. Cruz becomes an exceptional artist, but a heroin addiction overcomes him with tragic results. Paco becomes a cop and an enemy to his "carnal", Miklo.	/gvP6R6juhe2IpCG7QGDgjyUvm0g.jpg
239	Doctor Who: The Time of the Doctor	1	761	2013	8.1	Orbiting a quiet backwater planet, the massed forces of the universe's deadliest species gather, drawn to a mysterious message that echoes out to the stars. And amongst them, the Doctor. Rescuing Clara from a family Christmas dinner, the Time Lord and his best friend must learn what this enigmatic signal means for his own fate and that of the universe.	/7blrzLLfj34vV45HYmPccvhNSRZ.jpg
240	Silenced	1	764	2011	8.1	Based on actual events that took place at Gwangju Inhwa School for the hearing-impaired, where young deaf students were the victims of repeated sexual assaults by faculty members over a period of five years in the early 2000s.	/mbMp0oIFmYnw0i5gzRoKt8cH5ve.jpg
241	My Neighbor Totoro	6	27	1988	8.1	Two sisters move to the country with their father in order to be closer to their hospitalized mother, and discover the surrounding trees are inhabited by Totoros, magical spirits of the forest. When the youngest runs away from home, the older sister seeks help from the spirits to find her.	/rtGDOeG9LzoerkDGZF9dnVeLppL.jpg
242	Memories of Murder	12	43	2003	8.1	1986 Gyunggi Province. The body of a young woman is found brutally raped and murdered. Two months later, a series of rapes and murders commences under similar circumstances. And in a country that had never known such crimes, the dark whispers about a serial murderer grow louder. A special task force is set up in the area, with two local detectives Park Doo-Man and Jo Young-Goo joined by a detective from Seoul who requested to be assigned to the case.	/jcgUjx1QcupGzjntTVlnQ15lHqy.jpg
243	Nights of Cabiria	1	394	1957	8.1	Rome, 1957. A woman, Cabiria, is robbed and left to drown by her boyfriend, Giorgio. Rescued, she resumes her life and tries her best to find happiness in a cynical world. Even when she thinks her struggles are over and she has found happiness and contentment, things may not be what they seem.	/xF4oCG3PLNbcrtPZbqB3BtkIbKg.jpg
244	WALL·E	5	776	2008	8.1	WALL·E is the last robot left on an Earth that has been overrun with garbage and all humans have fled to outer space. For 700 years he has continued to try and clean up the mess, but has developed some rather interesting human-like qualities. When a ship arrives with a sleek new type of robot, WALL·E thinks he's finally found a friend and stows away on the ship when it leaves.	/zSDCorl36ZjAaUzADHLo5b8UfBu.jpg
245	Hidden Figures	1	780	2016	8.1	The untold story of Katherine G. Johnson, Dorothy Vaughan and Mary Jackson – brilliant African-American women working at NASA and serving as the brains behind one of the greatest operations in history – the launch of astronaut John Glenn into orbit. The visionary trio crossed all gender and race lines to inspire generations to dream big.	/9lfz2W2uGjyow3am00rsPJ8iOyq.jpg
246	Loving Vincent	5	783	2017	8.1	A young man arrives at the last hometown of painter Vincent van Gogh to deliver the troubled artist's final letter and ends up investigating his final days there.	/56sq57kDm7XgyXBYrgJLumo0Jac.jpg
247	Prisoners	1	655	2013	8.1	Keller Dover faces a parent's worst nightmare when his 6-year-old daughter, Anna, and her friend go missing. The only lead is an old motorhome that had been parked on their street. The head of the investigation, Detective Loki, arrests the driver, but a lack of evidence forces Loki to release his only suspect. Dover, knowing that his daughter's life is at stake, decides that he has no choice but to take matters into his own hands.	/tuZhZ6biFMr5n9YSVuHOJnNL1uU.jpg
248	The Red Shoes	1	789	1948	8.1	In this classic drama, Vicky Page is an aspiring ballerina torn between her dedication to dance and her desire to love. While her imperious instructor, Boris Lermontov, urges to her to forget anything but ballet, Vicky begins to fall for the charming young composer Julian Craster. Eventually Vicky, under great emotional stress, must choose to pursue either her art or her romance, a decision that carries serious consequences.	/vPvpBWFWDvEXuQBkoYgA6A89GVp.jpg
249	Rocco and His Brothers	12	793	1960	8.1	When a widow’s family moves to the big city, two of her sons become romantic rivals with deadly results.	/pngL8AraChIDOiWnKF2o3S9kJzJ.jpg
250	Elite Squad	1	796	2007	8.1	In 1997, before the visit of the pope to Rio de Janeiro, Captain Nascimento from BOPE (Special Police Operations Battalion) is assigned to eliminate the risks of the drug dealers in a dangerous slum nearby where the pope intends to be lodged.	/lwIXz785N2fXi8hsBr1IXciFlkM.jpg